Day,New cases,New cases in quarantine,New cases in quarantine,Death,Recovered,Total case,Total death,Total recoverd,Once injected,Twice injected,Total once injected,Total twice injected,retail_and_recreation,grocery_and_pharmacy,parks,transit_stations,workplaces,residential
1/1/2021,9,,,0,0,1474,35,1325,,,,,-2,20,11,-1,-60,3
2/1/2021,8,,,0,12,1482,35,1337,,,,,-13,11,-5,-12,-28,1
3/1/2021,12,,,0,2,1494,35,1339,,,,,-13,7,-5,2,-12,-3
4/1/2021,3,,,0,0,1497,35,1339,,,,,-17,5,-19,-2,17,-3
5/1/2021,7,,,0,0,1504,35,1339,,,,,-19,6,-21,-4,20,-4
6/1/2021,1,,,0,14,1505,35,1353,,,,,-15,3,-23,-7,20,-5
7/1/2021,4,,,0,0,1509,35,1353,,,,,-17,3,-24,-11,17,-6
8/1/2021,3,,,0,4,1512,35,1357,,,,,-12,3,-25,-8,6,-3
9/1/2021,1,,,0,4,1513,35,1361,,,,,-9,9,-25,-8,5,-2
10/1/2021,1,,,0,0,1514,35,1361,,,,,-7,10,-15,-8,-7,-2
11/1/2021,1,,,0,0,1515,35,1361,,,,,-14,7,-22,-8,17,-4
12/1/2021,5,,,0,0,1520,35,1361,,,,,-14,11,-22,-5,20,-6
13/01/2021,1,,,0,8,1521,35,1369,,,,,-15,2,-25,-10,19,-7
14/01/2021,10,,,0,0,1531,35,1369,,,,,-16,0,-26,-13,12,-10
15/01/2021,5,,,0,11,1536,35,1380,,,,,-11,-1,-26,-11,-1,-6
16/01/2021,1,,,0,0,1537,35,1380,,,,,-9,4,-25,-9,-4,-5
17/01/2021,0,,,0,0,1537,35,1380,,,,,-11,3,-20,-13,-13,-4
18/01/2021,2,,,0,22,1539,35,1402,,,,,-15,2,-22,-10,11,-6
19/01/2021,1,,,0,0,1540,35,1402,,,,,-17,2,-26,-9,14,-7
20/01/2021,4,,,0,4,1544,35,1406,,,,,-14,-2,-26,-11,14,-8
21/01/2021,2,,,0,5,1546,35,1411,,,,,-16,-1,-25,-13,11,-10
22/01/2021,2,,,0,0,1548,35,1411,,,,,-10,-1,-23,-9,1,-6
23/01/2021,0,,,0,0,1548,35,1411,,,,,-8,6,-21,-7,-1,-5
24/01/2021,0,,,0,0,1548,35,1411,,,,,-6,7,-10,-7,-8,-5
25/01/2021,1,,,0,14,1549,35,1425,,,,,-13,3,-21,-10,13,-6
26/01/2021,2,,,0,5,1551,35,1430,,,,,-14,6,-22,-7,15,-7
27/01/2021,0,,,0,0,1551,35,1430,,,,,-13,1,-24,-9,15,-8
28/01/2021,9,,,0,0,1560,35,1430,,,,,-15,2,-25,-12,12,-10
29/01/2021,97,,,0,18,1657,35,1448,,,,,-10,4,-26,-8,1,-7
30/01/2021,110,,,0,8,1767,35,1456,,,,,-10,11,-27,-8,-1,-7
31/01/2021,50,,,0,1,1817,35,1457,,,,,-11,12,-19,-11,-11,-7
1/2/2021,33,,,0,3,1850,35,1460,,,,,-13,11,-21,-11,3,-10
2/2/2021,32,,,0,0,1882,35,1460,,,,,-15,14,-23,-9,0,-9
3/2/2021,29,,,0,1,1911,35,1461,,,,,-14,11,-24,-14,-4,-10
4/2/2021,46,,,0,4,1957,35,1465,,,,,-18,10,-24,-22,-10,-9
5/2/2021,19,,,0,0,1976,35,1465,,,,,-9,13,-19,-15,-20,-6
6/2/2021,5,,,0,3,1981,35,1468,,,,,-9,21,-16,-8,-22,-5
7/2/2021,20,,,0,4,2001,35,1472,,,,,-8,22,0,-8,-22,-7
8/2/2021,49,,,0,0,2050,35,1472,,,,,-7,32,2,-13,-34,-5
9/2/2021,19,,,0,2,2069,35,1474,,,,,-16,35,0,-14,-45,-3
10/2/2021,22,,,0,6,2091,35,1480,,,,,-10,57,21,-18,-66,-5
11/2/2021,49,,,0,48,2140,35,1528,,,,,-28,30,16,-42,-71,-3
12/2/2021,2,,,0,1,2142,35,1529,,,,,-37,-29,24,-53,-79,1
13/02/2021,53,,,0,0,2195,35,1529,,,,,-31,-16,23,-42,-73,-5
14/02/2021,33,,,0,3,2228,35,1532,,,,,-26,-14,28,-40,-54,-8
15/02/2021,41,,,0,14,2269,35,1546,,,,,-21,-7,29,-35,-73,-4
16/02/2021,42,,,0,27,2311,35,1573,,,,,-27,-8,4,-31,-69,-3
17/02/2021,18,,,0,7,2329,35,1580,,,,,-24,-7,-14,-27,-30,-8
18/02/2021,18,,,0,25,2347,35,1605,,,,,-28,-8,-22,-35,-30,-7
19/02/2021,15,,,0,22,2362,35,1627,,,,,-23,-5,-23,-30,-31,-4
20/02/2021,6,,,0,0,2368,35,1627,,,,,-23,-1,-26,-28,-29,-3
21/02/2021,15,,,0,90,2383,35,1717,,,,,-21,3,-18,-25,-26,-5
22/02/2021,9,,,0,0,2392,35,1717,,,,,-22,-2,-25,-27,-10,-6
23/02/2021,9,,,0,0,2401,35,1717,,,,,-24,0,-26,-25,-8,-7
24/02/2021,11,,,0,73,2412,35,1790,,,,,-22,-4,-28,-28,-7,-8
25/02/2021,8,,,0,14,2420,35,1804,,,,,-24,0,-28,-30,-9,-9
26/02/2021,6,,,0,35,2426,35,1839,,,,,-19,0,-25,-27,-18,-6
27/02/2021,6,,,0,5,2432,35,1844,,,,,-18,0,-27,-22,-18,-5
28/02/2021,16,,,0,32,2448,35,1876,,,,,-19,-2,-22,-21,-25,-5
1/3/2021,13,,,0,16,2461,35,1892,,,,,-19,0,-28,-21,-2,-8
2/3/2021,11,,,0,6,2472,35,1898,,,,,-19,4,-28,-17,2,-10
3/3/2021,10,,,0,0,2482,35,1898,,,,,-17,-1,-30,-21,2,-11
4/3/2021,6,,,0,22,2488,35,1920,,,,,-19,0,-30,-23,0,-12
5/3/2021,6,,,0,0,2494,35,1920,,,,,-12,2,-29,-19,-8,-9
6/3/2021,13,,,0,0,2507,35,1920,,,,,-7,10,-23,-16,-11,-8
7/3/2021,5,,,0,0,2512,35,1920,440,4,0,0,-3,13,-11,-13,-21,-8
8/3/2021,12,,,0,0,2524,35,1920,1651,223,377,0,2,17,-16,-12,2,-12
9/3/2021,2,,,0,84,2526,35,2004,1694,31,522,0,-14,8,-26,-14,5,-11
10/3/2021,3,,,0,0,2529,35,2004,1077,13,955,0,-12,5,-26,-16,6,-12
11/3/2021,4,,,0,44,2533,35,2048,2818,81,1585,0,-14,6,-26,-17,4,-13
12/3/2021,17,,,0,38,2550,35,2086,4987,88,5248,0,-8,10,-24,-12,-6,-10
13/03/2021,3,,,0,0,2553,35,2086,4241,170,10041,0,-6,13,-20,-12,-9,-8
14/03/2021,1,,,0,0,2554,35,2086,1799,37,11605,0,-3,15,-7,-8,-19,-9
15/03/2021,3,,,0,29,2557,35,2115,3550,71,15865,0,-11,10,-21,-11,5,-11
16/03/2021,3,,,0,43,2560,35,2158,7572,32,20695,0,-14,10,-24,-11,7,-11
17/03/2021,7,,,0,40,2567,35,2198,2756,12,24054,0,-12,6,-24,-13,9,-12
18/03/2021,3,,,0,0,2570,35,2198,4437,24,27546,0,-13,7,-24,-13,7,-14
19/03/2021,1,,,0,0,2571,35,2198,3785,35,30971,0,-8,8,-22,-8,-3,-10
20/03/2021,1,,,0,0,2572,35,2198,1580,1,32361,0,-5,13,-19,-7,-7,-9
21/03/2021,0,,,0,0,2572,35,2198,1251,5,33891,0,-8,9,-13,-10,-18,-8
22/03/2021,3,,,0,35,2575,35,2233,2230,7,36082,0,-12,10,-21,-9,7,-11
23/03/2021,1,,,0,13,2576,35,2246,2909,6,37911,0,-13,12,-22,-7,10,-12
24/03/2021,0,,,0,19,2576,35,2265,3448,13,39817,0,-11,7,-23,-10,9,-13
25/03/2021,3,,,0,0,2579,35,2265,2611,9,42225,0,-14,6,-27,-13,8,-14
26/03/2021,7,,,0,0,2586,35,2265,4849,25,44000,0,-8,9,-24,-7,-3,-10
27/03/2021,0,,,0,43,2586,35,2308,1001,7,44278,0,-6,13,-19,-8,-5,-9
28/03/2021,5,,,0,0,2591,35,2308,838,5,45140,0,-4,12,-8,-5,-15,-9
29/03/2021,3,,,0,0,2594,35,2308,1455,14,46416,0,-10,11,-19,-8,8,-11
30/03/2021,0,,,0,51,2594,35,2359,2925,8,48256,0,-12,12,-20,-6,11,-12
31/03/2021,9,,,0,0,2603,35,2359,2465,19,49743,0,-9,9,-21,-7,9,-13
1/4/2021,14,,,0,0,2617,35,2359,2380,15,51216,0,-12,8,-22,-10,9,-14
2/4/2021,3,,,0,24,2620,35,2383,1245,9,52091,0,-9,7,-23,-7,-2,-10
3/4/2021,6,,,0,0,2626,35,2383,456,11,52335,0,-4,15,-16,-4,-5,-10
4/4/2021,5,,,0,0,2631,35,2383,323,6,52413,0,-5,14,-6,-5,-19,-10
5/4/2021,6,,,0,33,2637,35,2416,4617,28,52868,0,-9,13,-16,-6,8,-12
6/4/2021,11,,,0,6,2648,35,2422,2053,25,53953,0,-11,14,-20,-4,11,-12
7/4/2021,11,,,0,7,2659,35,2429,2313,21,55151,0,-9,9,-21,-8,10,-13
8/4/2021,9,,,0,0,2668,35,2429,3623,61,56359,0,-12,9,-23,-11,9,-14
9/4/2021,15,,,0,0,2683,35,2429,2917,125,58037,0,-7,7,-26,-7,-1,-10
10/4/2021,9,,,0,0,2692,35,2429,1224,15,58248,0,-3,15,-21,-5,-4,-9
11/4/2021,1,,,0,0,2693,35,2429,944,4,58418,0,1,21,-6,-1,-16,-9
12/4/2021,12,,,0,16,2705,35,2445,1577,33,59249,0,-8,14,-19,-7,10,-11
13/04/2021,9,,,0,0,2714,35,2445,2399,250,60139,0,-10,16,-20,-4,13,-12
14/04/2021,19,,,0,0,2733,35,2445,3043,26,62028,0,-8,11,-22,-8,11,-13
15/04/2021,25,,,0,0,2758,35,2445,2727,33,63758,0,-9,10,-23,-9,10,-14
16/04/2021,14,,,0,30,2772,35,2475,3506,78,66366,0,-2,12,-21,-4,0,-11
17/04/2021,9,,,0,0,2781,35,2475,1856,23,67789,0,-6,9,-25,-10,-5,-7
18/04/2021,3,,,0,0,2784,35,2475,1670,27,79182,0,1,18,-8,-3,-13,-8
19/04/2021,7,,,0,0,2791,35,2475,11084,259,80857,0,-6,15,-17,-4,10,-11
20/04/2021,10,,,0,15,2801,35,2490,16665,1007,106929,0,-2,22,-13,3,13,-14
21/04/2021,5,,,0,0,2806,35,2490,2159,20,108897,0,6,23,-3,-7,-50,-5
22/04/2021,10,,,0,0,2816,35,2490,37875,2210,128610,0,-11,9,-24,-9,12,-14
23/04/2021,14,,,0,0,2830,35,2490,44680,1889,176037,0,-6,8,-23,-6,1,-10
24/04/2021,3,,,0,26,2833,35,2516,18344,484,198972,0,-1,16,-18,-5,0,-9
25/04/2021,10,,,0,0,2843,35,2516,8366,189,209632,0,-4,14,-14,-8,-10,-7
26/04/2021,9,,,0,0,2852,35,2516,63598,2883,259736,0,-11,9,-25,-10,11,-10
27/04/2021,5,,,0,0,2857,35,2516,97083,3408,318792,0,-7,17,-20,0,14,-12
28/04/2021,8,,,0,0,2865,35,2516,97790,2678,425638,0,-4,13,-21,3,12,-13
29/04/2021,45,,,0,0,2910,35,2516,76780,1677,506435,0,3,25,-8,25,7,-18
30/04/2021,18,,,0,0,2928,35,2516,4753,429,500448,9407,11,33,27,15,-62,-8
1/5/2021,14,,,0,33,2942,35,2549,5699,44,500448,9407,-2,21,13,-15,-58,-5
2/5/2021,20,,,0,0,2962,35,2549,6183,104,500448,9407,-4,14,3,-3,-27,-11
3/5/2021,19,,,0,11,2981,35,2560,11640,185,500448,9407,-6,18,-13,0,-24,-7
4/5/2021,15,,,0,0,2996,35,2560,70337,2013,500448,9407,-14,15,-24,-3,9,-10
5/5/2021,26,,,0,0,3022,35,2560,99879,1910,500448,9407,-17,4,-31,-16,6,-10
6/5/2021,68,,,0,0,3090,35,2560,69594,2264,500448,9407,-18,8,-29,-19,4,-11
7/5/2021,47,,,0,0,3137,35,2560,61174,2352,500448,9407,-16,7,-30,-21,-5,-6
8/5/2021,93,,,0,42,3230,35,2602,21152,314,500448,9407,-20,6,-34,-25,-5,-3
9/5/2021,102,,,0,0,3332,35,2602,12366,577,500448,9407,-22,3,-29,-29,-16,-1
10/5/2021,129,124,1,0,16,3461,35,2618,29970,1206,873640,9407,-21,6,-29,-26,-3,-5
11/5/2021,76,70,1,0,0,3537,35,2618,25470,1323,873640,9407,-24,10,-31,-25,-2,-5
12/5/2021,86,82,0,0,18,3623,35,2636,22084,1308,923216,9407,-23,4,-32,-28,-4,-6
13/05/2021,87,72,1,0,21,3710,35,2657,15976,1876,940368,9407,-26,1,-34,-35,-6,-7
14/05/2021,106,104,0,0,0,3816,35,2657,15497,1927,927613,21042,-21,3,-33,-33,-14,-3
15/05/2021,53,165,0,1,11,3869,36,2668,5416,360,932008,22512,-21,6,-34,-34,-15,-1
16/05/2021,306,185,2,0,0,4175,36,2668,1583,208,934116,22561,-21,7,-26,-36,-21,-1
17/05/2021,184,181,0,1,0,4359,37,2668,3202,731,934116,22561,-22,6,-27,-33,-7,-5
18/05/2021,153,151,1,0,19,4512,37,2687,3730,255,953691,28852,-23,9,-29,-30,-4,-5
19/05/2021,67,172,3,0,0,4579,37,2687,4434,364,953691,28852,-23,2,-31,-33,-5,-6
20/05/2021,230,109,5,2,2,4809,39,2689,4593,246,953691,28852,-25,4,-28,-36,-6,-7
21/05/2021,132,130,1,2,0,4941,41,2689,11934,125,953691,28852,-25,-1,-29,-35,-14,-1
22/05/2021,145,142,1,0,32,5086,41,2721,1377,33,969737,28961,-27,1,-31,-35,-12,2
23/05/2021,131,127,2,1,0,5217,42,2721,889,375,969737,28961,-28,0,-24,-39,-20,2
24/05/2021,187,183,1,2,73,5404,44,2794,3018,201,969737,28961,-26,1,-26,-35,-7,-2
25/05/2021,370,444,0,0,0,5774,44,2794,5126,225,969737,28961,-35,-3,-35,-38,-6,0
26/05/2021,312,235,0,1,59,6086,45,2853,10481,555,976945,28961,-27,2,-27,-33,-4,-3
27/05/2021,230,227,0,1,0,6316,46,2853,3363,624,976945,28961,-29,0,-28,-38,-6,-4
28/05/2021,80,248,5,1,43,6396,47,2896,5328,1462,976945,28961,-27,0,-25,-37,-14,0
29/05/2021,460,274,3,0,0,6856,47,2896,4804,666,976945,28961,-31,1,-27,-38,-14,2
30/05/2021,251,250,0,0,54,7107,47,2950,14837,581,976945,28961,-32,1,-19,-41,-21,3
31/05/2021,214,211,0,0,80,7321,47,3030,21302,996,1040895,30602,-31,3,-18,-40,-11,0
1/6/2021,251,248,2,1,13,7572,48,3043,51578,1438,1040895,30602,-33,5,-21,-39,-11,0
2/6/2021,241,225,4,1,42,7813,49,3085,64315,926,1047757,31177,-36,-5,-25,-44,-13,0
3/6/2021,250,228,3,0,0,8063,49,3085,75715,1978,1092954,31551,-37,-5,-26,-46,-14,-2
4/6/2021,224,212,7,2,156,8287,51,3241,63643,3742,1152805,32401,-33,-3,-24,-44,-21,3
5/6/2021,254,245,1,2,69,8541,53,3310,51875,3876,1176040,33632,-37,-2,-29,-45,-19,5
6/6/2021,206,198,3,0,58,8747,53,3368,35541,1940,1181273,33643,-40,-6,-23,-50,-25,5
7/6/2021,236,200,11,0,141,8983,53,3509,33501,5753,1263766,38166,-37,-6,-25,-47,-14,2
8/6/2021,175,165,6,2,38,9158,55,3547,43887,7690,1270626,42115,-40,-4,-29,-45,-13,3
9/6/2021,407,370,11,0,89,9565,55,3636,35855,4200,1295529,47179,-34,-1,-26,-43,-12,0
10/6/2021,219,188,23,0,72,9784,55,3708,39409,3270,1311502,50023,-37,-3,-28,-46,-13,-1
11/6/2021,196,168,17,2,96,9980,57,3804,35895,4114,1339469,53127,-33,-3,-27,-44,-20,3
12/6/2021,261,246,13,1,23,10241,58,3827,19819,1699,1345451,54385,-38,-4,-34,-46,-20,5
13/06/2021,297,254,39,1,171,10538,59,3998,12502,1405,1387793,55265,-39,-5,-24,-50,-27,5
14/06/2021,272,236,30,0,238,10810,59,4236,28607,2904,1433435,59608,-35,1,-19,-44,-15,0
15/06/2021,192,204,194,0,302,11002,59,4538,74872,5959,1520800,63636,-36,-1,-23,-41,-11,0
16/06/2021,633,398,16,2,52,11635,61,4590,155462,16899,1628647,72325,-35,-5,-26,-43,-12,-1
17/06/2021,379,495,8,0,63,12014,61,4653,234188,22028,1811393,89833,-38,-8,-28,-46,-14,-3
18/06/2021,400,232,27,1,80,12414,62,4733,227632,19784,2021496,105856,-35,-7,-27,-45,-22,2
19/06/2021,206,258,213,2,321,12620,64,5054,133866,7506,2128746,115315,-38,-5,-31,-46,-20,4
20/06/2021,497,281,19,0,0,13117,64,5054,83810,4969,2179277,121683,-41,-10,-25,-51,-27,5
21/06/2021,366,258,9,5,399,13483,69,5453,144975,4887,2179277,121683,-36,-4,-22,-46,-16,1
22/06/2021,147,217,13,0,93,13630,69,5546,184852,6397,2301470,133843,-37,-3,-25,-44,-14,1
23/06/2021,232,196,21,1,138,13862,70,5684,214025,9286,2350973,137682,-35,-4,-26,-45,-14,-1
24/06/2021,254,260,19,2,75,14116,72,5759,306417,12853,2634006,143121,-38,-7,-28,-47,-16,-2
25/06/2021,421,814,31,2,190,14537,74,5949,284460,14006,2786948,150316,-36,-8,-28,-46,-22,3
26/06/2021,738,131,33,0,188,15275,74,6137,136273,7787,2988256,155488,-38,-6,-31,-47,-20,5
27/06/2021,126,284,30,2,182,15401,76,6319,92446,2729,3072335,157136,-40,-10,-24,-50,-25,5
28/06/2021,640,340,42,0,200,16041,76,6519,100090,12905,3151116,172994,-36,-6,-23,-46,-15,2
29/06/2021,197,308,53,4,245,16238,80,6764,98795,12217,3229008,182481,-39,-6,-27,-45,-14,1
30/06/2021,625,420,21,1,76,16863,81,6840,63922,10559,3390898,193041,-39,-13,-30,-47,-16,0
1/7/2021,449,584,109,0,406,17312,81,7246,32869,9049,3405755,204006,-39,-9,-28,-47,-16,-1
2/7/2021,590,428,99,3,149,17902,84,7395,33019,9859,3413836,214405,-36,-9,-29,-46,-22,4
3/7/2021,458,792,122,0,248,18360,84,7643,28924,6526,3430203,218602,-38,-8,-32,-47,-21,5
4/7/2021,0,824,52,2,176,18360,86,7819,20262,2375,3444183,223336,-41,-12,-26,-51,-27,6
5/7/2021,1573,974,115,4,203,19933,90,8022,24447,6903,3449389,226858,-37,-7,-25,-46,-16,2
6/7/2021,1,872,147,7,0,19934,97,8022,28456,7972,3456861,235570,-39,-2,-27,-43,-14,2
7/7/2021,1626,968,29,0,0,21560,97,8022,26593,6886,3477130,241913,-41,-9,-34,-47,-16,1
8/7/2021,0,1226,81,7,0,21560,104,8022,32450,14411,3484736,249532,-40,-2,-32,-45,-18,-1
9/7/2021,0,1359,257,0,0,21560,104,8022,33037,13973,3494238,258274,-43,-10,-34,-52,-29,7
10/7/2021,1625,1495,349,1,0,23185,105,8022,22647,4013,3497965,271409,-46,-11,-37,-54,-29,9
11/7/2021,0,1361,584,0,0,23185,105,8022,15877,2388,3496691,277447,-48,-17,-30,-58,-32,9
12/7/2021,4074,1996,371,0,220,27259,105,8242,22970,6409,3503138,280367,-47,-15,-31,-55,-27,7
13/07/2021,2147,2095,201,0,56,29406,105,8298,37126,5378,3511298,283884,-51,-13,-34,-53,-27,7
14/07/2021,1071,2509,415,27,222,30477,132,8520,34316,4007,3573223,286772,-50,-15,-36,-55,-28,6
15/07/2021,854,3099,280,75,71,31331,207,8591,37648,3689,3596271,294676,-54,-23,-39,-59,-33,6
16/07/2021,7320,2939,382,18,64,38651,225,8655,38464,7106,3637542,298177,-50,-19,-38,-57,-39,11
17/07/2021,2106,2959,746,0,0,40757,225,8655,32301,4339,3651256,304998,-53,-18,-41,-58,-40,12
18/07/2021,2701,4960,927,29,0,43458,254,8655,24122,2378,3670956,306475,-56,-24,-38,-62,-37,11
19/07/2021,0,3678,497,80,0,43458,254,8655,35002,7082,3685919,309791,-58,-29,-40,-62,-41,13
20/07/2021,14108,4061,728,0,0,57566,245,8655,53281,11849,3701489,317672,-60,-29,-43,-61,-42,14
21/07/2021,0,4262,1081,36,0,57566,245,8655,51046,12603,3718029,324955,-60,-33,-45,-63,-43,13
22/07/2021,0,5164,1000,0,0,57566,245,8655,76374,17010,3742539,334560,-62,-34,-47,-66,-45,12
23/07/2021,24112,6021,1274,0,6881,81678,370,15536,116269,21579,3771555,353601,-64,-37,-53,-68,-51,19
24/07/2021,9256,6797,2428,0,2047,90934,370,17583,127960,19594,3791035,372353,-65,-33,-52,-68,-51,19
25/07/2021,7531,6009,1516,0,1759,98465,370,19342,133014,20242,3833765,389863,-68,-42,-49,-74,-48,18
26/07/2021,7882,6972,887,154,2002,106347,524,21344,214126,37184,3900500,423071,-66,-38,-46,-72,-51,19
27/07/2021,7913,6848,1063,0,1602,114260,524,22946,263900,41149,4111503,450836,-68,-40,-50,-72,-52,19
28/07/2021,6559,5371,1184,106,4511,120819,630,27457,301972,40917,4328579,496630,-69,-44,-53,-74,-53,18
29/07/2021,7594,6057,1536,233,4323,128413,863,31780,328491,50928,4437094,546402,-71,-46,-55,-76,-55,17
30/07/2021,8649,6920,1702,298,3704,137062,1161,35484,348828,51915,4753590,588893,-68,-43,-54,-75,-58,22
31/07/2021,8624,6575,2045,145,3250,145686,1306,38734,368585,42493,4962644,620611,-70,-43,-57,-75,-58,22
1/8/2021,8620,6590,2007,0,4423,154306,1306,43157,327152,24397,5097091,659064,-72,-48,-55,-78,-54,20
2/8/2021,7455,5101,2344,389,3808,161761,1695,46965,361474,44164,5533469,712864,-69,-43,-51,-75,-56,21
3/8/2021,8429,6807,1570,376,3866,170190,2071,50831,433583,51975,5803146,744331,-70,-42,-52,-74,-56,20
4/8/2021,7623,5753,1865,256,3501,177813,2327,54332,492852,46647,5995346,778986,-69,-45,-53,-75,-56,19
5/8/2021,7244,5677,1562,393,3708,185057,2720,58040,563495,49010,6421070,820023,-70,-45,-54,-76,-56,17
6/8/2021,8324,6834,1486,296,4292,193381,3016,62332,601443,54394,6801621,863323,-69,-45,-54,-75,-60,23
7/8/2021,7334,6052,1281,0,4305,200715,3016,66637,611457,65788,7119697,888459,-70,-43,-57,-75,-59,23
8/8/2021,9690,7529,2155,381,4860,210405,3397,71497,568571,46919,7514207,945806,-72,-50,-55,-78,-54,20
9/8/2021,9340,7767,1556,360,4423,219745,3757,75920,737688,73470,7981013,1003287,-69,-44,-51,-75,-56,21
10/8/2021,8390,7270,1115,388,4428,228135,4145,80348,898611,85839,9269660,1036102,-71,-45,-55,-75,-56,21
11/8/2021,8766,6966,1786,342,4806,236901,4487,85154,807492,83027,9913421,1092700,-70,-46,-55,-75,-56,19
12/8/2021,9667,7427,2226,326,3991,246568,4813,89145,687718,102697,10872762,1191855,-70,-44,-55,-76,-57,17
13/08/2021,9180,7151,1999,275,3593,255748,5088,92738,644588,93404,11228974,1271973,-69,-44,-55,-75,-60,23
14/08/2021,9716,6200,3510,349,4247,265464,5437,96985,513934,72604,11722663,1355677,-70,-43,-57,-75,-59,23
15/08/2021,9580,7104,2470,337,5519,275044,5774,102504,339564,47674,11908160,1379274,-71,-47,-53,-76,-55,19
16/08/2021,8652,6222,2422,367,4473,283696,6141,106977,384228,77056,12467894,1401834,-69,-43,-51,-74,-57,21
17/08/2021,9605,5130,4465,331,4331,293301,6472,111308,362061,96477,12546019,1486425,-70,-43,-52,-73,-57,20
18/08/2021,8800,2709,5935,298,3751,302101,6770,115059,277137,97940,12797199,1562669,-70,-46,-55,-74,-56,19
19/08/2021,10510,4232,6407,380,5000,312611,7150,120059,260429,98137,13033455,1636372,-70,-45,-54,-75,-58,17
20/08/2021,10657,4518,6132,390,12756,323268,7540,132815,312940,108601,13080533,1707066,-69,-42,-54,-74,-61,23
21/08/2021,13439,5989,7428,0,7272,336707,7540,140087,318583,81451,13483400,1791248,-68,-36,-56,-72,-61,22
22/08/2021,11352,4821,6525,737,7580,348059,8277,147667,217219,60976,13695873,1834348,-71,-45,-53,-75,-56,19
23/08/2021,10397,4362,6021,389,6945,358456,8666,154612,269379,97137,13802727,1922313,-73,-54,-54,-79,-60,23
24/08/2021,10811,4017,6780,348,7667,369267,9014,162279,297853,126719,14016971,2039251,-74,-54,-56,-79,-60,22
25/08/2021,12096,4772,7321,335,7642,381363,9349,169921,274116,159888,14243113,2139545,-73,-55,-57,-79,-60,21
26/08/2021,11575,5966,5603,318,18567,392938,9667,188488,213832,139011,14372978,2235013,-74,-55,-58,-80,-61,19
27/08/2021,17428,10782,6627,386,10126,410366,10053,198614,226598,134524,14494260,2328431,-73,-55,-59,-79,-64,25
28/08/2021,12103,5629,6468,352,12375,422469,10405,210989,232185,106600,14568683,2431205,-75,-55,-62,-80,-63,25
29/08/2021,12796,7040,5712,344,8813,435265,10749,219802,164877,67025,14661746,2524407,-75,-57,-58,-81,-59,21
30/08/2021,14224,6715,7504,315,9014,449489,11064,228816,192483,132522,14728352,2619186,-73,-53,-55,-78,-61,23
31/08/2021,12607,5360,7231,0,10044,462096,11064,238860,172673,160592,14728352,2619186,-73,-51,-56,-77,-60,22
1/9/2021,11434,4670,6759,804,9862,473530,11868,248722,216751,149683,14757255,2726563,-72,-51,-55,-77,-62,20
2/9/2021,13197,5931,7255,270,10602,486727,12138,259324,182171,73386,14757255,2726563,-75,-53,-57,-81,-81,22
3/9/2021,14922,5619,9275,308,11344,501649,12446,270668,319831,142323,14779219,2881553,-74,-55,-59,-81,-78,28
4/9/2021,9521,4787,4734,347,11848,511170,12793,282516,497336,145575,14913234,2959122,-74,-54,-62,-79,-67,25
5/9/2021,13137,5580,7521,281,9211,524307,13074,291727,556002,131012,14951229,3047525,-74,-55,-58,-80,-56,21
6/9/2021,12481,4378,8099,311,9730,536788,13385,301457,723199,262413,15048091,3198545,-69,-46,-52,-76,-60,21
7/9/2021,14208,6032,8161,316,10253,550996,13701,311710,834706,296404,15334557,3338783,-71,-47,-55,-75,-59,20
8/9/2021,12663,4812,7851,424,13937,563623,14125,325647,867370,307373,15786832,3444406,-71,-52,-57,-76,-59,19
9/9/2021,12399,12399,6138,335,13937,563676,14135,325647,926829,309131,16040551,3768683,-70,-49,-55,-76,-59,16
10/9/2021,13321,4626,8680,254,12751,589417,14745,350921,992616,347174,16401621,4189782,-67,-47,-53,-75,-62,21
11/9/2021,11932,6758,5169,217,12541,601349,15018,363462,939728,294669,16991516,4467586,-69,-47,-58,-75,-61,22
12/9/2021,11478,5367,6650,261,11116,613375,15279,374578,748851,212425,17627060,4740764,-69,-48,-52,-77,-57,18
13/09/2021,11172,5242,5926,261,11116,624547,15660,385778,713150,268392,18100742,5056325,-66,-44,-49,-74,-57,19
14/09/2021,10508,3756,6740,261,11116,635055,15936,398461,713342,235596,18628189,5326059,-67,-43,-52,-73,-57,18
15/09/2021,10585,4760,5823,261,11116,645640,16186,412650,640798,191533,19106114,5621403,-65,-43,-51,-73,-57,16
16/09/2021,10489,3945,6537,261,11116,656129,16425,423551,494846,205215,19106114,5621403,-64,-40,-49,-72,-56,14
17/09/2021,11521,4850,6656,261,11116,667650,16637,433465,540614,243550,20318789,5988864,-62,-40,-50,-71,-59,19
18/09/2021,9373,4533,4827,261,11116,677023,16857,448368,538728,171756,20637180,6184726,-62,-37,-50,-70,-58,19
19/09/2021,10040,4131,5894,261,11116,682617,17090,457505,518343,106847,20861169,6347095,-62,-39,-46,-71,-54,16
20/09/2021,8681,2514,6154,261,11116,695744,17305,464326,469947,186032,21059701,6517771,-59,-32,-43,-68,-54,16
21/09/2021,11692,4852,6835,261,11116,707436,17545,475343,582511,185887,21273468,6640061,-56,-27,-39,-65,-51,14
22/09/2021,11527,5655,5870,236,11919,718963,17781,487262,499886,199035,21504300,6783707,-59,-37,-45,-67,-49,12
23/09/2021,9472,4121,5344,236,6226,728435,18017,493488,553926,257013,21815520,6930160,-61,-38,-48,-69,-50,11
24/09/2021,8537,4462,4068,203,12371,736972,18220,505859,634756,343771,22036338,7058109,-61,-42,-51,-70,-55,17
25/09/2021,9706,5305,4377,180,10590,742174,18400,516449,730447,322589,22275086,7259412,-59,-35,-50,-68,-54,17
26/09/2021,10011,4698,5313,184,11477,756689,18584,527926,711803,258364,22472158,7555545,-58,-35,-42,-69,-51,13
27/09/2021,9362,4889,4453,174,10528,766051,18758,538454,553576,246383,22474680,7946283,-55,-31,-39,-66,-49,13
28/09/2021,8006,7283,717,0,21487,771207,18758,559941,579696,458927,22659656,8286558,-56,-29,-40,-64,-47,12
29/09/2021,8758,3760,4984,162,23568,779398,19098,583509,509203,366310,22900903,8597064,-55,-33,-42,-65,-47,11
30/09/2021,7940,3387,4550,159,25322,790755,19301,608831,476847,305242,23190241,8981400,-55,-31,-41,-65,-48,8
1/10/2021,6957,3044,3897,136,27250,797712,19437,636081,501450,488183,23172946,9496111,-47,-23,-38,-59,-51,11
2/10/2021,5490,2473,3004,164,28857,803202,19601,664938,461378,405848,23251261,9818448,-48,-20,-40,-58,-51,11
3/10/2021,5376,2693,2674,114,28859,808578,19715,693797,533313,530062,23405972,10126423,-44,-16,-29,-57,-48,8
4/10/2021,5383,2692,2690,130,27683,813961,19845,721480,526165,665763,23673127,10482392,-45,-17,-31,-56,-45,7
5/10/2021,4147,2591,1769,134,25573,818324,19979,747053,744151,811063,23748265,10873929,-45,-13,-34,-52,-44,6
6/10/2021,4356,2133,2223,119,10030,822680,20098,757083,728734,833083,23787853,11485990,-46,-20,-37,-56,-44,5
7/10/2021,4360,2161,1986,125,1402,827040,20223,758485,644606,691630,23681332,12902101,-47,-20,-36,-57,-44,3
8/10/2021,5367,2344,2451,114,994,832407,20337,759479,717292,579113,23827868,13524667,-43,-18,-35,-55,-48,8
9/10/2021,4512,2339,2173,0,1319,836134,20442,760801,567843,621860,23805432,14038632,-45,-18,-40,-56,-48,9
10/10/2021,3513,2302,1211,0,21398,839662,20555,782199,593353,413949,23962894,14527477,-49,-25,-39,-62,-49,9
11/10/2021,3619,1891,1726,115,2549,840431,20635,782228,660701,501187,23116708,15581428,-46,-21,-37,-58,-44,7
12/10/2021,2949,1756,1183,93,1347,843380,20728,783575,899192,481334,22947048,16141038,-40,-7,-29,-50,-39,3
13/10/2021,3461,2026,1432,106,1191,849691,20869,787286,999206,363648,24712045,15791982,-43,-18,-36,-54,-39,3
14/10/2021,4151,2429,1718,81,719,853842,20950,788005,1297948,299480,25328735,16136858,-44,-18,-37,-55,-39,1
15/10/2021,3789,2314,1475,93,918,857639,21043,788923,1487380,287997,25997148,16416353,-41,-19,-38,-54,-44,6
16/10/2021,3221,2039,1172,88,1581,860860,21131,790504,1455507,370557,26723422,16711558,-38,-11,-38,-51,-43,6
17/10/2021,3193,1836,1339,63,1340,864053,21194,791844,1219474,332421,27409153,17037565,-33,-5,-23,-50,-41,4
18/10/2021,3168,1898,1261,75,1136,864053,21194,791844,1275240,452972,28056669,17460393,-34,-8,-27,-50,-37,2
19/10/2021,3034,1807,1220,75,1866,870255,21344,794846,1171364,501872,28875898,17959225,-31,0,-25,-45,-34,0
20/10/2021,3646,1825,1810,72,1737,873901,21416,796583,1018912,493136,29468598,18352484,-25,-1,-23,-45,0,-2
21/10/2021,3636,1969,1649,71,1541,877537,21487,798124,913049,607375,29852372,18851824,-34,-9,-28,-49,0,-2
22/10/2021,3977,2195,1782,56,5302,881522,21543,803326,978931,724086,30461311,19540310,-31,-8,-28,-48,0,2
23/10/2021,3373,2029,1332,77,1338,884895,21620,804664,1037882,570871,30936011,20029758,-31,-4,-28,-46,0,3
24/10/2021,4045,2429,1599,53,1314,888940,21673,805978,779423,373007,31423661,20384696,-30,-3,-18,-46,0,1
25/10/2021,3639,2047,1573,65,1323,892579,21738,807301,672590,371870,31438875,20387412,-29,-3,-20,-45,0,0
26/10/2021,3595,2161,1431,64,2989,896174,21802,810290,743645,419545,32238506,21182188,-31,-2,-22,-42,0,-1
27/10/2021,4411,2352,2052,54,2024,900585,21856,812314,742125,380979,32686871,21609569,-32,-9,-26,-45,0,-1
28/10/2021,4892,2896,1980,54,1649,905477,21910,813963,792461,417241,33076893,22042997,-35,-12,-30,-49,0,-2
29/10/2021,4899,2584,2305,56,2169,910376,21966,816132,673074,408008,33409842,22479482,-32,-12,-31,-47,0,2
30/10/2021,5227,2931,2293,64,2204,915603,22030,818336,583918,373217,33751650,22843977,-29,-5,-31,-44,0,3
31/10/2021,5519,3177,2327,53,1998,921122,22083,820334,475000,343128,33999368,23170137,-26,-2,-19,-44,0,1
1/11/2021,5598,3274,2321,52,1731,926720,22135,822065,439376,531341,32896326,25117569,-29,-5,-23,-44,0,0
2/11/2021,5637,3355,2258,70,2741,932357,22205,824806,469914,696452,34093967,23711085,-31,-4,-25,-42,0,-1
3/11/2021,7106,3409,2766,78,8869,939463,22283,833675,562822,715273,33977706,24381993,-29,-5,-24,-42,0,-2
4/11/2021,6580,3687,2889,59,1731,946043,22342,835406,750653,838960,33874840,25745746,-30,-2,-23,-44,0,-4
5/11/2021,7504,4280,3207,70,1941,953547,22412,837347,740266,871473,33865366,26481347,-28,-6,-24,-44,0,1
6/11/2021,7491,4372,3108,58,1754,961038,22470,839101,550687,870485,33824178,27184458,-27,-2,-24,-41,0,1
7/11/2021,7646,4299,3332,61,1301,968684,22531,840402,417782,739135,33714541,27809838,-27,-2,-16,-43,0,1
8/11/2021,7988,5717,2237,67,1073,976672,22598,841475,383090,827377,33570702,28548287,-31,-6,-23,-44,0,0
9/11/2021,8133,4177,3952,88,1325,984805,22686,842800,481161,886879,33463863,29294475,-32,-4,-24,-42,0,0
10/11/2021,7930,3919,3999,79,1254,992735,22765,844054,415790,867584,33334346,30077192,-30,-6,-25,-43,0,-2
11/11/2021,8162,4194,3951,84,1894,1000897,22849,845948,427292,944348,33244016,30525062,-34,-10,-29,-47,0,-3
12/11/2021,8982,4796,4180,81,10263,1009879,22930,856211,369867,1003268,,,-28,-6,-25,-45,0,1
13/11/2021,8467,4511,3940,88,1843,1018346,23018,858054,308386,828825,,,-28,-2,-27,-43,0,2
14/11/2021,8176,4458,3705,64,5257,1026522,23082,863311,234559,605200,,,-28,-3,-18,-44,0,2
15/11/2021,8616,4653,3950,101,1205,1035138,23183,864516,252268,701527,31962246,33712014,-30,-5,-21,-44,0,0
16/11/2021,10259,5881,4369,87,6481,1045397,23270,870997,278368,911259,31485479,34613974,-31,-4,-25,-43,0,0
17/11/2021,9849,4883,4956,67,3873,1055246,23337,874870,310993,1080795,30904643,35591713,-31,-9,-28,-45,0,-1
18/11/2021,10223,4755,5454,139,6723,1065469,23476,881593,350777,1432211,30122636,36779689,-30,-2,-25,-45,0,-3
19/11/2021,9625,4622,4995,102,1971,1075094,23578,883564,343763,1612837,29180646,38126344,-26,-3,-23,-44,0,1
20/11/2021,9531,4742,4776,107,16773,1084625,23685,900337,307507,1314502,28514378,39081230,-25,-1,-24,-42,0,2
21/11/2021,9889,4521,5361,76,5163,1094514,23761,905500,289449,1065962,27878005,40053328,-26,-2,-16,-44,0,1
22/11/2021,10321,4652,5647,190,4776,1104835,23951,910276,271957,1190499,27111005,41152470,-31,-7,-23,-45,0,0
23/11/2021,39132,33116,6010,167,1034,1143967,24118,911310,471935,1123144,26550425,42221457,-32,-4,-23,-42,0,0
24/11/2021,11811,5211,6578,125,25951,1155778,24243,937261,569793,961445,26188106,43123347,-31,-8,-26,-44,0,-1
25/11/2021,12450,5587,6842,164,5627,1168228,24407,942888,528543,802675,25970820,43873161,-32,-7,-25,-45,0,-3
26/11/2021,13109,5806,7288,137,12368,1181337,24544,955256,509600,880358,25632420,44754342,-28,-7,-25,-44,0,1
27/11/2021,16067,8892,7160,148,1668,1197404,24692,956924,521746,804983,25355761,45499853,-29,-4,-28,-43,0,3
28/11/2021,12936,5828,7100,190,1712,1210340,24882,958636,465503,726317,25122903,46192366,-29,-6,-19,-44,0,2
29/11/2021,13770,6157,7601,173,16088,1224110,25055,974724,502428,747782,24920191,46887413,-32,-7,-24,-45,0,1
30/11/2021,13972,6417,7549,197,14624,1238082,25252,989348,479641,670532,24753250,47553019,-34,-7,-28,-43,0,1
1/12/2021,14508,6425,8081,196,2704,1252590,25448,992052,342311,565027,24520704,48215010,-30,-7,-25,-43,0,-1
2/12/2021,13698,6139,7538,210,13258,1266288,25658,1005310,275005,536358,24290987,48805021,-32,-6,-25,-45,0,-3
3/12/2021,14492,5855,8628,200,1149,1280780,25858,1006459,210845,560351,23989422,49367122,-28,-3,-24,-44,0,1
4/12/2021,13998,5591,8402,203,1107,1294778,26061,1007566,167320,422042,23752276,49816319,-28,-1,-25,-43,0,2
5/12/2021,14314,6170,8142,199,1711,1309092,26260,1009277,136304,269354,23639821,50110489,-26,-1,-15,-43,0,1
6/12/2021,14591,6331,8227,223,1130,1323683,26483,1010407,175013,331812,23424514,50563937,-29,-3,-20,-44,0,0
7/12/2021,13840,6529,7306,217,1249,1337523,26700,1011656,213734,444081,23205359,51073637,-29,0,-20,-40,0,-1
8/12/2021,14599,6273,8322,230,24737,1352122,26930,1036393,188205,521654,22889442,51633183,-27,-5,-23,-44,0,-2
9/12/2021,15311,6457,8843,256,14586,1367433,27186,1050979,132733,494580,22585696,52160865,-29,-6,-25,-45,0,-4
10/12/2021,14839,5976,8843,216,1362,1382272,27402,1052341,124880,542735,22238800,52695693,-23,-3,-24,-43,0,0
11/12/2021,16141,6626,9478,209,1084,1398413,27611,1053425,127977,468744,21981855,53112478,-22,3,-23,-41,0,0
12/12/2021,14638,5244,9377,228,1295,1413051,27839,1054720,90076,368777,21731883,53476175,-22,2,-14,-43,0,0
13/12/2021,15377,6458,8891,242,1192,1428428,28081,1055912,109058,433963,21432468,53952972,-25,-1,-18,-43,0,-2
14/12/2021,15220,5852,9351,252,4524,1443648,28333,1060436,127215,451954,21105812,54460619,-27,1,-21,-40,0,-2
15/12/2021,15527,5582,9940,283,2992,1459175,28616,1063428,102042,492753,20773934,54970039,-25,-4,-22,-42,0,-4
16/12/2021,34062,24171,9888,241,1033,1493237,28857,1064461,101782,475819,20450155,55455660,-27,-3,-23,-44,0,-5
17/12/2021,15236,5379,9836,246,31057,1508473,29103,1095518,170236,603422,20062197,56037783,-23,-1,-23,-42,0,-1
18/12/2021,15895,5390,10493,248,1645,1524368,29351,1097163,157653,558388,19715212,56550320,-22,3,-23,-41,0,0
19/12/2021,16110,5551,10542,215,10799,1540478,29566,1107962,115046,448950,19422493,56971361,-23,0,-14,-42,0,0
20/12/2021,14977,5966,9000,225,1937,1555455,29791,1109899,109747,561832,19025892,57523779,-24,0,-18,-42,0,-2
21/12/2021,16325,5007,11309,250,50191,1571780,30041,1160090,150090,618402,18562866,58159664,-25,3,-19,-39,0,-3
22/12/2021,16555,5584,10938,210,13394,1588335,30251,1173484,160066,592715,18157460,58771955,-24,-3,-20,-41,0,-4
23/12/2021,16377,6215,10152,280,10944,1604712,30531,1184428,168225,578628,17778622,59358670,-26,-2,-22,-43,0,-6
24/12/2021,16157,5614,10528,235,30833,1620869,30766,1215261,144525,521353,17470473,59836380,-14,5,-14,-39,0,-2
25/12/2021,15586,7482,8077,241,14423,1636455,31007,1229684,96139,372714,17212269,60218324,-21,2,-22,-41,0,-1
26/12/2021,15218,5547,9635,207,18556,1651673,31214,1248240,72104,300904,17015303,60509028,-25,-3,-19,-44,0,0
27/12/2021,14872,4449,10418,204,11374,1666545,31418,1259614,96928,467477,16698002,60975362,-28,-5,-24,-44,0,-2
28/12/2021,14440,5116,9305,214,4668,1680985,31632,1264282,110734,610905,16259694,61571641,-28,0,-23,-40,0,-3
29/12/2021,13889,5020,8853,245,38260,1694874,31877,1302542,112051,449313,15891613,62110722,-25,-3,-23,-41,0,-4
30/12/2021,19868,8444,11404,291,34102,1714742,32168,1336644,129900,397563,15581593,62585389,-26,-1,-23,-41,0,-6
31/12/2021,16515,5139,11337,226,18642,1731257,32394,1355286,112107,322651,15357864,62955505,-14,8,-13,-35,0,-3
,,,,,,,,,,,,,,,,,,
